                                                  
     
[{"url":"static/img/map/1floor.png","w":2432,"h":1334,"x":976,"y":2201,       
  "path": [
    {"ID": "0","s": {  "x": 2636.4,  "y": 2554.8},"e": { "x": 2636.4,  "y": 2579.6},"Occupy": "FALSE"
    },
    {"ID": "1","s": {  "x": 2636.4,  "y": 2599.6},"e": { "x": 2636.4,  "y": 2579.6},"Occupy":"TRUE"
    },
    {"ID": "2","s": {  "x": 2610.2,  "y": 2579.6},"e": { "x": 2636.4,  "y": 2579.6},"Occupy": false
    },
    {"ID": "3","s": {  "x": 2610.2,  "y": 2619.6},"e": { "x": 2610.2,  "y": 2579.6},"Occupy": false
    },
    {"ID": "4","s": {  "x": 2586.2,  "y": 2579.6},"e": { "x": 2610.2,  "y": 2579.6},"Occupy": false
    },
    {"ID": "5","s": {  "x": 2586.2,  "y": 2579.6},"e": { "x": 2562.2,  "y": 2579.6},"Occupy": false
    },
    {"ID": "6","s": {  "x": 2538.2,  "y": 2579.6},"e": { "x": 2562.2,  "y": 2579.6},"Occupy": false
    },
    {"ID": "7","s": {  "x": 2538.2,  "y": 2579.6},"e": { "x": 2514.2,  "y": 2579.6},"Occupy": false
    },
    {"ID": "8","s": {  "x": 2586.2,  "y": 2579.6},"e": { "x": 2586.2,  "y": 2619.6},"Occupy": false
    },
    {"ID": "9","s": {  "x": 2562.2,  "y": 2579.6},"e": { "x": 2562.2,  "y": 2619.6},"Occupy": false
    },
    {"ID": "10","s": {  "x": 2538.2,  "y": 2579.6},"e": {"x": 2538.2,  "y": 2619.6},"Occupy": false
    },
    {"ID": "11","s": {  "x": 2514.2,  "y": 2579.6},"e": {"x": 2514.2,  "y": 2619.6},"Occupy": false
    },
    {"ID": "12","s": {  "x": 2514.2,  "y": 2579.6},"e": {"x": 2486.4,  "y": 2579.6},"Occupy": false
    },
    {"ID": "13","s": {  "x": 2486.4,  "y": 2687.6},"e": {"x": 2486.4,  "y": 2579.6},"Occupy": false
    },
    {"ID": "14","s": {  "x": 2486.4,  "y": 2687.6},"e": {"x": 2514.2,  "y": 2687.6},"Occupy": false
    },
    {"ID": "15","s": {  "x": 2538.2,  "y": 2687.6},"e": {"x": 2514.2,  "y": 2687.6},"Occupy": false
    },
    {"ID": "16","s": {  "x": 2538.2,  "y": 2687.6},"e": {"x": 2562.2,  "y": 2687.6},"Occupy": false
    },
    {"ID": "17","s": {  "x": 2586.2,  "y": 2687.6},"e": {"x": 2562.2,  "y": 2687.6},"Occupy": false
    },
    {"ID": "18","s": {  "x": 2586.2,  "y": 2687.6},"e": {"x": 2610.2,  "y": 2687.6},"Occupy": false
    },
    {"ID": "19","s": {  "x": 2610.2,  "y": 2650},"e": {  "x": 2610.2,  "y": 2687.6},"Occupy": false
    },
    {"ID": "20","s": {  "x": 2586.2,  "y": 2650},"e": {  "x": 2586.2,  "y": 2687.6},"Occupy": false
    },
    {"ID": "21","s": {  "x": 2562.2,  "y": 2650},"e": {  "x": 2562.2,  "y": 2687.6},"Occupy": false
    },
    {"ID": "22","s": {  "x": 2538.2,  "y": 2650},"e": {  "x": 2538.2,  "y": 2687.6},"Occupy": false
    },
    {"ID": "23","s": {  "x": 2514.2,  "y": 2650},"e": {  "x": 2514.2,  "y": 2687.6},"Occupy": false
    },
    {"ID": "24","s": {  "x": 2486.4,  "y": 2579.6},"e": {"x": 1521.8,  "y": 2579.6},"Occupy": false
    },
    {"ID": "25","s": {  "x": 1521.8,  "y": 2510},"e": {  "x": 1521.8,  "y": 2579.6},"Occupy": false
    },
    {"ID": "26","s": {  "x": 1521.8,  "y": 2599.6},"e": {"x": 1521.8,  "y": 2579.6},"Occupy": false
    },
    {"ID": "27","s": {  "x": 1521.8,  "y": 2599.6},"e": {  "x": 1521.8,  "y": 2617},"Occupy": false
    },
    {"ID": "28","s": {  "x": 1562.6,  "y": 2617},"e": {  "x": 1521.8,  "y": 2617},  "Occupy": false
    },  
    {"ID": "29","s": {  "x": 1521.8,  "y": 2641},"e": {  "x": 1521.8,  "y": 2617},  "Occupy": false
    },  
    {"ID": "30","s": {  "x": 1521.8,  "y": 2641},"e": {  "x": 1562.6,  "y": 2641},  "Occupy": false
    },  
    {"ID": "31","s": {  "x": 1521.8,  "y": 2641},"e": {  "x": 1521.8,  "y": 2665},  "Occupy": false
    },  
    {"ID": "32","s": {  "x": 1562.6,  "y": 2665},"e": {  "x": 1521.8,  "y": 2665},  "Occupy": false
    },  
    {"ID": "33","s": {  "x": 1521.8,  "y": 2689},"e": {  "x": 1521.8,  "y": 2665},  "Occupy": false
    },  
    {"ID": "34","s": {  "x": 1562.6,  "y": 2689},"e": {  "x": 1521.8,  "y": 2689},  "Occupy": false
    },  
    {"ID": "35","s": {  "x": 1521.8,  "y": 2713},"e": {  "x": 1521.8,  "y": 2689},  "Occupy": false},
    {"ID": "36","s": {  "x": 1521.8,  "y": 2713},"e": {  "x": 1562.6,  "y": 2713},  "Occupy": false},
    {"ID": "37","s": {  "x": 1521.8,  "y": 2713},"e": {  "x": 1521.8,  "y": 2810.6},"Occupy": false},
    {"ID": "38","s": {  "x": 1473,  "y": 2810.6},"e": {  "x": 1521.8,  "y": 2810.6},"Occupy": false}
  ],
  "place":[
      {"PlaceID":"A05K102","X":2586.2,"Y":2619.6},
      {"PlaceID":"A05K103","X":2562.2,"Y":2619.6},
      {"PlaceID":"A05K104","X":2538.2,"Y":2619.6},
      {"PlaceID":"A05K105","X":2514.2,"Y":2619.6},
      {"PlaceID":"A05K107","X":2586.2,"Y":  2650},
      {"PlaceID":"A05K108","X":2562.2,"Y":  2650},
      {"PlaceID":"A05K109","X":2538.2,"Y":  2650},
      {"PlaceID":"A05K110","X":2514.2,"Y":  2650},
      {"PlaceID":"A05K101","X":2610.2,"Y":2619.6},
      {"PlaceID":"A05K106","X":2610.2,"Y":  2650},
      {"PlaceID":"A05K113","X":1562.6,"Y":  2617},
      {"PlaceID":"A05K114","X":1562.6,"Y":  2641},
      {"PlaceID":"A05K115","X":1562.6,"Y":  2665},
      {"PlaceID":"A05K116","X":1562.6,"Y":  2689},
      {"PlaceID":"A05K117","X":1562.6,"Y":  2713},
    {"PlaceID":"A05P101","X":  1473,"Y":2810.6}],
    "mark":{}     
    },
  {"url":"static/img/map/2floor.png","w":2432,"h":1334,"x":4478,"y":2252,            
    "path":[
      {"ID": "39","s": {  "x": 6220,  "y": 3462.4},"e": {"x": 6095.6,  "y": 3462.4},"Occupy": false
      },
      {"ID": "40","s": {  "x": 6095.6,"y": 3423.2},"e": {"x": 6095.6,  "y": 3462.4},"Occupy": false
      },
      {"ID": "41","s": {  "x": 6071.6,"y": 3462.4},"e": {"x": 6095.6,  "y": 3462.4},"Occupy": false
      },
      {"ID": "42","s": {  "x": 6071.6,"y": 3462.4},"e": {"x": 6071.6,  "y": 3423.2},"Occupy": false
      },
      {"ID": "43","s": {  "x": 6280,  "y": 3307.2},"e": {  "x": 6220,  "y": 3462.4},"Occupy": false
      },
      {"ID": "44","s": {  "x": 6280,  "y": 3307.2},"e": {  "x": 6280,  "y": 2910},  "Occupy": false
      },
      {"ID": "45","s": {  "x": 6309,  "y": 2810},"e": {  "x": 6280,  "y": 2910},    "Occupy": false
      },     
      {"ID": "46","s": {  "x": 6309,  "y": 2810},"e": {  "x": 6309,  "y": 2652},    "Occupy": false
      },
      {"ID": "47","s": {  "x": 6121.4, "y": 2653.4},"e": {  "x": 6309,  "y": 2652}, "Occupy": false
      },
      {"ID": "48","s": {  "x": 6121.4, "y": 2653.4},"e": {  "x": 5610.8, "y": 2656},"Occupy": false
      },
      {"ID": "49","s": {  "x": 5415.4, "y": 2662.8},"e": {  "x": 5610.8, "y": 2656},"Occupy": false
      },
      {"ID": "50","s": {  "x": 5415.4, "y": 2662.8},"e": {"x": 5415.4, "y": 2616.2},"Occupy": false
      },
      {"ID": "51","s": {  "x": 5415.4, "y": 2591},"e": { "x": 5415.4,  "y": 2616.2},"Occupy": false
      },
      {"ID": "52","s": {  "x": 5445,  "y": 2553.6},"e": {  "x": 5415.4,  "y": 2591},"Occupy": false
      },
      {"ID": "53","s": {  "x": 5445,  "y": 2553.6},"e": {  "x": 5466,  "y": 2553.6},"Occupy": false
      },
      {"ID": "54","s": {  "x": 5466,  "y": 2593.6},"e": {  "x": 5466,  "y": 2553.6},"Occupy": false
      },
      {"ID": "55","s": {  "x": 5489.8, "y": 2553.6},"e": { "x": 5466,  "y": 2553.6},"Occupy": false
      },
      {"ID": "56","s": {  "x": 5489.8, "y": 2553.6},"e": { "x": 5489.8,"y": 2593.6},"Occupy": false
      },
      {"ID": "57","s": {  "x": 5415.4, "y": 2662.8},"e": { "x": 5190.4,"y": 2658.4},"Occupy": false
      },
      {"ID": "58","s": {  "x": 5068.4, "y": 2658.4},"e": { "x": 5190.4,"y": 2658.4},"Occupy": false
      },
      {"ID": "59","s": {  "x": 5068.4, "y": 2658.4},"e": {  "x": 5069.6, "y": 2532},"Occupy": false
      },
      {"ID": "60","s": {  "x": 5069.6,  "y": 2423},"e": {  "x": 5069.6,  "y": 2532},"Occupy": false
      },
      {"ID": "61","s": {  "x": 5069.6,  "y": 2423},"e": {  "x": 5006.2,  "y": 2423},"Occupy": false
      },
      {"ID": "62","s": {  "x": 5006.2,  "y": 2359.8},"e": { "x": 5006.2, "y": 2423},"Occupy": false
      }
     ], 
    "place":[ 
      {"PlaceID":"A05K201","X":6086.4,"Y":3435.2},
      {"PlaceID":"A05K202","X":6061.8,"Y":3435.2},
      {"PlaceID":"A05K205","X":5461.6,"Y":  2600},
      {"PlaceID":"A05K206","X":5487.8,"Y":  2600},
      {"PlaceID":"A05P201","X":  4000,"Y":  4000}
    ],
    "mark":{}
    },
  {"url":"static/img/map/3floor.png","w":2432,"h":1334,"x":968,"y":4517,        
    "path":[],
    "place":[],
    "mark":{}
    }, 
  {"url":"static/img/map/4floor.png","w":2432,"h":1334,"x":4443,"y":4516,       
    "path":[],
    "place":[],
    "mark":{}
        
  } ]