{  "AGV_Option":[  
  { "value":  "C1", "label": "C1"},
  { "value":  "C2", "label": "C2"},
  { "value":  "C3", "label": "C3"},
  { "value":  "C4", "label": "C4"}
  ],
  "Status_Option":[   
    { "value": "待执行",   "label": "待执行"},
    { "value": "正在执行", "label":  "正在执行"},
    { "value": "异常",     "label":  "异常"},
    { "value": "已完成",   "label":  "已完成"}
],
  "Start_Option": [   
    { "value":  "2楼线边仓", "label":  "2楼线边仓"},
    { "value":  "3楼线边仓", "label":  "3楼线边仓"},
    { "value":  "1楼线边仓", "label":  "1楼线边仓"},
    { "value":  "0楼线边仓", "label":  "0楼线边仓"}
       ],
"End_Option": [   
    { "value":  "2楼线边仓", "label":  "2楼线边仓"},
    { "value":  "3楼线边仓", "label":  "3楼线边仓"},
    { "value":  "1楼线边仓", "label":  "1楼线边仓"},
    { "value":  "0楼线边仓", "label":  "0楼线边仓"}
]
}